{
	"extension.description": "用于 Node.js 的 Visual Studio 代码调试器扩展",
	"node.label": "Node.js",
	"smartStep.description": "Automatically step through generated code that cannot be mapped back to the original source.",
	"skipFiles.description": "An array of glob patterns for files to skip when debugging.",
	"outFiles.description": "If source maps are enabled, these glob patterns specify the generated JavaScript files. If a pattern starts with '!' the files are excluded. If not specified, the generated code is expected in the same directory as its source.",
	"outDir.deprecationMessage": "Attribute 'outDir' is deprecated, use 'outFiles' instead.",
	"launch.args.description": "Command line arguments passed to the program.",
	"node.sourceMaps.description": "使用 JavaScript 源映射(如果存在)。",
	"node.stopOnEntry.description": "启动后自动停止程序。",
	"node.port.description": "调试要附加的端口。默认端口是 5858。",
	"node.address.description": "调试端口的 TCP/IP 地址(仅限 Node.js >= 5.0)。默认值为 \"localhost\"。",
	"node.timeout.description": "重试连接到 Node.js 的此毫秒数。默认值为 10000 ms。",
	"node.launch.program.description": "程序的绝对路径。通过查看 package.json 和打开的文件猜测所生成的值。编辑此属性。",
	"node.launch.externalConsole.deprecationMessage": "属性 \"externalConsole\" 已弃用，请改用 \"console\"。",
	"node.launch.console.description": "可启动调试目标的位置: 内部控制台、集成终端或外部终端。",
	"node.launch.cwd.description": "正在进行调试的程序的工作目录的绝对路径。",
	"node.launch.runtimeExecutable.description": "要使用的运行时。一个绝对路径或路径上可用的运行时名称。如果假定省略“节点”。",
	"node.launch.runtimeArgs.description": "传递给运行时可执行文件的可选参数。",
	"node.launch.env.description": "传递给程序的环境变量。",
	"node.launch.envFile.description": "包含环境变量定义的文件的绝对路径。",
	"node.launch.config.name": "启动",
	"node.attach.processId.description": "要附加到的进程 ID。",
	"node.attach.restart.description": "请在终止 Node.js 后重启会话。",
	"node.attach.localRoot.description": "对应于 \"remoteRoot\" 的本地源根。",
	"node.attach.remoteRoot.description": "远程主机的源根。",
	"node.attach.config.name": "附加",
	"node.processattach.config.name": "附加到进程",
	"node.snippet.launch.label": "Node.js: 启动配置",
	"node.snippet.launch.description": "启动节点计划的新配置",
	"node.snippet.attach.label": "Node.js: 附加配置",
	"node.snippet.attach.description": "附加到正在运行的节点计划的新配置",
	"extensionHost.label": "VS 代码扩展开发",
	"extensionHost.launch.runtimeExecutable.description": "VS Code 的绝对路径。",
	"extensionHost.launch.stopOnEntry.description": "启动后自动停止扩展主机。",
	"extensionHost.launch.sourceMaps.description": "使用 JavaScript 源映射。",
	"extensionHost.launch.config.name": "启动扩展"
}