{
	"extension.description": "Node.js용 Visual Studio Code 디버거 확장",
	"node.label": "Node.js",
	"smartStep.description": "Automatically step through generated code that cannot be mapped back to the original source.",
	"skipFiles.description": "An array of glob patterns for files to skip when debugging.",
	"outFiles.description": "If source maps are enabled, these glob patterns specify the generated JavaScript files. If a pattern starts with '!' the files are excluded. If not specified, the generated code is expected in the same directory as its source.",
	"outDir.deprecationMessage": "Attribute 'outDir' is deprecated, use 'outFiles' instead.",
	"launch.args.description": "Command line arguments passed to the program.",
	"node.sourceMaps.description": "JavaScript 소스 맵을 사용합니다(있는 경우에만).",
	"node.stopOnEntry.description": "시작한 후 자동으로 프로그램을 중지합니다.",
	"node.port.description": "연결할 디버그 포트입니다. 기본값은 5858입니다.",
	"node.address.description": "디버그 포트의 TCP/IP 주소입니다(Node.js >= 5.0인 경우에만). 기본값은 'localhost'입니다.",
	"node.timeout.description": "이 시간(밀리초) 동안 Node.js에 연결하려고 다시 시도합니다. 기본값은 10000ms입니다.",
	"node.launch.program.description": "프로그램의 절대 경로입니다. 생성된 값은 package.json 및 열린 파일을 보고 추측한 것입니다. 이 특성을 편집하세요.",
	"node.launch.externalConsole.deprecationMessage": "'externalConsole' 특성은 사용되지 않으므로 대신 'console'을 사용하세요.",
	"node.launch.console.description": "디버그 대상을 시작할 위치(내부 콘솔, 통합 터미널 또는 외부 터미널)입니다.",
	"node.launch.cwd.description": "디버그 중인 프로그램의 작업 디렉터리의 절대 경로입니다.",
	"node.launch.runtimeExecutable.description": "사용할 런타임입니다. PATH에서 사용할 수 있는 런타임의 절대 경로 또는 이름입니다. 생략하면 'node'가 가정됩니다.",
	"node.launch.runtimeArgs.description": "선택적 인수가 런타임 실행 파일에 전달되었습니다.",
	"node.launch.env.description": "환경 변수가 프로그램에 전달되었습니다.",
	"node.launch.envFile.description": "환경 변수 정의가 포함된 파일의 절대 경로입니다.",
	"node.launch.config.name": "시작",
	"node.attach.processId.description": "연결할 프로세스의 ID입니다.",
	"node.attach.restart.description": "Node.js가 종료된 후 세션을 다시 시작합니다.",
	"node.attach.localRoot.description": "'remoteRoot'에 해당하는 로컬 소스 루트입니다.",
	"node.attach.remoteRoot.description": "원격 호스트의 소스 루트입니다.",
	"node.attach.config.name": "연결",
	"node.processattach.config.name": "프로세스에 연결",
	"node.snippet.launch.label": "Node.js: 구성 시작",
	"node.snippet.launch.description": "노드 프로그램을 시작하기 위한 새 구성",
	"node.snippet.attach.label": "Node.js: 구성 연결",
	"node.snippet.attach.description": "실행 중인 노드 프로그램에 연결하기 위한 새 구성",
	"extensionHost.label": "VS Code 확장 개발",
	"extensionHost.launch.runtimeExecutable.description": "VS Code의 절대 경로입니다.",
	"extensionHost.launch.stopOnEntry.description": "시작한 후 자동으로 확장 호스트를 중지합니다.",
	"extensionHost.launch.sourceMaps.description": "JavaScript 소스 맵을 사용합니다.",
	"extensionHost.launch.config.name": "확장 시작"
}