{
	"extension.description": "適用於 Node.js 的 Visual Studio Code 偵錯工具延伸模組",
	"node.label": "Node.js",
	"smartStep.description": "Automatically step through generated code that cannot be mapped back to the original source.",
	"skipFiles.description": "An array of glob patterns for files to skip when debugging.",
	"outFiles.description": "If source maps are enabled, these glob patterns specify the generated JavaScript files. If a pattern starts with '!' the files are excluded. If not specified, the generated code is expected in the same directory as its source.",
	"outDir.deprecationMessage": "Attribute 'outDir' is deprecated, use 'outFiles' instead.",
	"launch.args.description": "Command line arguments passed to the program.",
	"node.sourceMaps.description": "使用 JavaScript 來源對應 (如果存在)。",
	"node.stopOnEntry.description": "在啟動後自動停止程式。",
	"node.port.description": "要附加到的目標偵錯連接埠。預設值為 5858。",
	"node.address.description": "偵錯連接埠的 TCP/IP 位址 (僅限 Node.js >= 5.0)。預設值為 'localhost'。",
	"node.timeout.description": "重試連接到 Node.js 前要等待的毫秒數。預設值為 10000 毫秒。",
	"node.launch.program.description": "程式的絕對路徑。透過查看 package.json 及開啟的檔案猜測產生的值。編輯此屬性。",
	"node.launch.externalConsole.deprecationMessage": "屬性 'externalConsole' 已取代，請改用 'console'。",
	"node.launch.console.description": "啟動偵錯目標的位置: 內部主控台、整合式終端機或外部終端機。",
	"node.launch.cwd.description": "程式工作目錄的絕對路徑 (該程式正在進行偵錯)。",
	"node.launch.runtimeExecutable.description": "要使用的執行階段。可以是 PATH 上可用的執行階段絕對路徑或名稱。如果省略，即假設為 'node'。",
	"node.launch.runtimeArgs.description": "傳遞給執行階段可執行檔的選擇性引數。",
	"node.launch.env.description": "傳遞給程式的環境變數。",
	"node.launch.envFile.description": "包含環境變數定義之檔案的絕對路徑。",
	"node.launch.config.name": "啟動",
	"node.attach.processId.description": "要附加的處理序識別碼。",
	"node.attach.restart.description": "在 Node.js 終止後重新啟動工作階段。",
	"node.attach.localRoot.description": "對應至 'remoteRoot' 本機來源根。",
	"node.attach.remoteRoot.description": "遠端主機的來源根。",
	"node.attach.config.name": "附加",
	"node.processattach.config.name": "附加至處理序",
	"node.snippet.launch.label": "Node.js: 啟動組態",
	"node.snippet.launch.description": "用於啟動節點程式的新組態",
	"node.snippet.attach.label": "Node.js: 附加組態",
	"node.snippet.attach.description": "用於附加到執行中節點程式的新組態",
	"extensionHost.label": "VS Code 延伸模組開發",
	"extensionHost.launch.runtimeExecutable.description": "VS Code 的絕對路徑。",
	"extensionHost.launch.stopOnEntry.description": "在啟動後自動停止延伸主機。",
	"extensionHost.launch.sourceMaps.description": "使用 JavaScript 來源對應。",
	"extensionHost.launch.config.name": "啟動擴充功能"
}