{
	"extension.description": "Расширение отладки Visual Studio Code для Node.js",
	"node.label": "Node.js",
	"smartStep.description": "Automatically step through generated code that cannot be mapped back to the original source.",
	"skipFiles.description": "An array of glob patterns for files to skip when debugging.",
	"outFiles.description": "If source maps are enabled, these glob patterns specify the generated JavaScript files. If a pattern starts with '!' the files are excluded. If not specified, the generated code is expected in the same directory as its source.",
	"outDir.deprecationMessage": "Attribute 'outDir' is deprecated, use 'outFiles' instead.",
	"launch.args.description": "Command line arguments passed to the program.",
	"node.sourceMaps.description": "Использовать карты исходного кода JavaScript (если они существуют).",
	"node.stopOnEntry.description": "Автоматически остановить программу после запуска.",
	"node.port.description": "Порт отладки для присоединения. Значение по умолчанию — 5858.",
	"node.address.description": "TCP/IP-адрес порта отладки (только для Node.js >= 5.0). Значение по умолчанию — \"localhost\".",
	"node.timeout.description": "Повторять в течение этого количества миллисекунд для подключения к Node.js. Значение по умолчанию — 10 000 мс.",
	"node.launch.program.description": "Абсолютный путь к программе. Созданное значение можно определить, взглянув на package.json и открытые файлы. Изменить этот атрибут.",
	"node.launch.externalConsole.deprecationMessage": "Атрибут externalConsole устарел и не рекомендуется к использованию, используйте вместо него console.",
	"node.launch.console.description": "Где следует выполнять запуск целевого объекта отладки: внутренняя консоль, интегрированный терминал или внешний терминал.",
	"node.launch.cwd.description": "Абсолютный путь к рабочему каталогу отлаживаемой программы.",
	"node.launch.runtimeExecutable.description": "Используемая среда выполнения. Абсолютный путь или имя среды выполнения, доступные в переменной PATH. Если не указано, предполагается \"node\".",
	"node.launch.runtimeArgs.description": "Необязательные аргументы, переданные исполняемому файлу среды выполнения.",
	"node.launch.env.description": "Переменные окружения, переданные в программу.",
	"node.launch.envFile.description": "Абсолютный путь к файлу с определениями переменных среды.",
	"node.launch.config.name": "Запустить",
	"node.attach.processId.description": "Идентификатор процесса, к которому необходимо подключиться.",
	"node.attach.restart.description": "Перезапуск сеанса после завершения Node.js.",
	"node.attach.localRoot.description": "Корневой элемент локального источника, соответствующий remoteRoot.",
	"node.attach.remoteRoot.description": "Исходный корневой элемент удаленного узла.",
	"node.attach.config.name": "Подключить",
	"node.processattach.config.name": "Подключение к процессу",
	"node.snippet.launch.label": "Node.js: конфигурация запуска",
	"node.snippet.launch.description": "Новая конфигурация для запуска программы на базе Node",
	"node.snippet.attach.label": "Node.js: конфигурация подключения",
	"node.snippet.attach.description": "Новая конфигурация для подключения к работающей программе на базе Node",
	"extensionHost.label": "Разработка расширения VS Code",
	"extensionHost.launch.runtimeExecutable.description": "Абсолютный путь к VS Code.",
	"extensionHost.launch.stopOnEntry.description": "Автоматически остановить хост-процесс для расширений после запуска.",
	"extensionHost.launch.sourceMaps.description": "Использовать карты исходного кода JavaScript.",
	"extensionHost.launch.config.name": "Запуск расширения"
}