{
	"extension.description": "Node.js 用の Visual Studio Code デバッガー拡張機能",
	"node.label": "Node.js",
	"smartStep.description": "Automatically step through generated code that cannot be mapped back to the original source.",
	"skipFiles.description": "An array of glob patterns for files to skip when debugging.",
	"outFiles.description": "If source maps are enabled, these glob patterns specify the generated JavaScript files. If a pattern starts with '!' the files are excluded. If not specified, the generated code is expected in the same directory as its source.",
	"outDir.deprecationMessage": "Attribute 'outDir' is deprecated, use 'outFiles' instead.",
	"launch.args.description": "Command line arguments passed to the program.",
	"node.sourceMaps.description": "JavaScript ソース マップを使用します (存在する場合)。",
	"node.stopOnEntry.description": "起動後、プログラムを自動的に停止します。",
	"node.port.description": "添付先のデバッグ ポート。既定は 5858 です。",
	"node.address.description": "デバッグ ポートの TCP/IP アドレス (Node.js 5.0 以上の場合のみ)。既定値は 'localhost' です。",
	"node.timeout.description": "このミリ秒の間、Node.js への接続を再試行します。既定値は 10000 ミリ秒です。",
	"node.launch.program.description": "プログラムへの絶対パス。生成される値は、package.json ファイルと開かれたファイルを参照して推測されます。この属性を編集してください。",
	"node.launch.externalConsole.deprecationMessage": "属性 'externalConsole' は非推奨です。代わりに 'console' を使用してください。",
	"node.launch.console.description": "デバッグ対象の起動場所: 内部コンソール、統合ターミナル、または外部ターミナル。",
	"node.launch.cwd.description": "デバッグされるプログラムの作業ディレクトリへの絶対パス。",
	"node.launch.runtimeExecutable.description": "使用するランタイム。絶対パス、または PATH 上で使用可能なランタイムの名前のいずれかです。省略した場合は、'node' とみなされます。",
	"node.launch.runtimeArgs.description": "ランタイム実行可能ファイルに渡される省略可能な引数。",
	"node.launch.env.description": "プログラムに渡される環境変数。",
	"node.launch.envFile.description": "環境変数の定義を含むファイルへの絶対パス。",
	"node.launch.config.name": "起動",
	"node.attach.processId.description": "アタッチ先のプロセスの ID。",
	"node.attach.restart.description": "Node.js が終了した後、セッションを再開します。",
	"node.attach.localRoot.description": "'remoteRoot' に対応するローカル ソース ルート。",
	"node.attach.remoteRoot.description": "リモート ホストのソース ルート。",
	"node.attach.config.name": "アタッチ",
	"node.processattach.config.name": "プロセスにアタッチ",
	"node.snippet.launch.label": "Node.js: 起動構成",
	"node.snippet.launch.description": "ノード プログラムを起動するための新しい構成",
	"node.snippet.attach.label": "Node.js: アタッチの構成",
	"node.snippet.attach.description": "実行中のノード プログラムにアタッチするための新しい構成",
	"extensionHost.label": "VS Code 拡張機能の開発",
	"extensionHost.launch.runtimeExecutable.description": "VS Code への絶対パス。",
	"extensionHost.launch.stopOnEntry.description": "起動後に拡張機能ホストを自動的に停止します。",
	"extensionHost.launch.sourceMaps.description": "JavaScript ソース マップを使用します。",
	"extensionHost.launch.config.name": "拡張機能の起動"
}