<?xml version="1.0" encoding="UTF-8"?>
<!DOCTYPE plist PUBLIC "-//Apple//DTD PLIST 1.0//EN" "http://www.apple.com/DTDs/PropertyList-1.0.dtd">
<plist version="1.0">
<dict>
	<key>files</key>
	<dict>
		<key>Resources/Info.plist</key>
		<data>
		ST/J6EcGs8Dl9v9k6CFcQ1TxQjk=
		</data>
	</dict>
	<key>files2</key>
	<dict>
		<key>Headers/MTLJSONAdapter.h</key>
		<dict>
			<key>hash</key>
			<data>
			HIypP9pGI7Wk97RKy3thGsC7LSg=
			</data>
			<key>hash2</key>
			<data>
			YhksDrIzFk7TQllZD4eF2qEubtCfFlDrddfBeJEvpoc=
			</data>
		</dict>
		<key>Headers/MTLManagedObjectAdapter.h</key>
		<dict>
			<key>hash</key>
			<data>
			tjTyEh7TlZBAXcyaY1I1SmXHbE4=
			</data>
			<key>hash2</key>
			<data>
			WxYp7uqr+H3R5UnwMpDSHlxSt7MaAPhQob/BDXlWbVI=
			</data>
		</dict>
		<key>Headers/MTLModel+NSCoding.h</key>
		<dict>
			<key>hash</key>
			<data>
			2tdybjH/C8ZU8VcZrX4oliXkuM8=
			</data>
			<key>hash2</key>
			<data>
			QuzPKm76puk2/uZN0s9Jqn7g5AFF6xFbnBsN450IXfc=
			</data>
		</dict>
		<key>Headers/MTLModel.h</key>
		<dict>
			<key>hash</key>
			<data>
			9c2w4hZo7o/vLu/3TaZ2vXXjwxc=
			</data>
			<key>hash2</key>
			<data>
			2JEc6fCePU0odH+dDY8947O0/wS1Ey96Vuun1HCP564=
			</data>
		</dict>
		<key>Headers/MTLValueTransformer.h</key>
		<dict>
			<key>hash</key>
			<data>
			m6veNGSL5/Kif8yDXH5zU+2CaK8=
			</data>
			<key>hash2</key>
			<data>
			AnO4t0Ur5lBz44l14XRXgB3g6JEiUE1JBfPdvV+H7fA=
			</data>
		</dict>
		<key>Headers/Mantle.h</key>
		<dict>
			<key>hash</key>
			<data>
			TYIHtg+qqzl8yG0InqTB7Oyr63A=
			</data>
			<key>hash2</key>
			<data>
			YKN3UxwC4VdZ19A/VN8Ndpdf5PVHbZlYMb9K1etJKKg=
			</data>
		</dict>
		<key>Headers/NSArray+MTLManipulationAdditions.h</key>
		<dict>
			<key>hash</key>
			<data>
			JkGLHSSIKlmCin6flems7m4llvE=
			</data>
			<key>hash2</key>
			<data>
			fQTG4WuuoxdNhgn6wDU29iy18nNqFwlK9F45NRbpD6w=
			</data>
		</dict>
		<key>Headers/NSDictionary+MTLManipulationAdditions.h</key>
		<dict>
			<key>hash</key>
			<data>
			bqGP1ngOZeJ16AY5Vi/2ObZCmlw=
			</data>
			<key>hash2</key>
			<data>
			0Jf2Da8WIPOoV0BkwF1D69nsUwbgypRDMVoedgtuJ24=
			</data>
		</dict>
		<key>Headers/NSObject+MTLComparisonAdditions.h</key>
		<dict>
			<key>hash</key>
			<data>
			2oBONz9+tBIWVjYGxYBIBT0b0n8=
			</data>
			<key>hash2</key>
			<data>
			86zL7jX96Spa7xT5HQJ+aYmtXD1oKLUrU4JtlO2cIqU=
			</data>
		</dict>
		<key>Headers/NSValueTransformer+MTLInversionAdditions.h</key>
		<dict>
			<key>hash</key>
			<data>
			sxXToKdUH8yMt45aTwPeM3hKmjs=
			</data>
			<key>hash2</key>
			<data>
			6xpkrCw6Z2B3EOFKGMBi6o78Hau0v0zsfGJeQMAk354=
			</data>
		</dict>
		<key>Headers/NSValueTransformer+MTLPredefinedTransformerAdditions.h</key>
		<dict>
			<key>hash</key>
			<data>
			HhBKFxBsCIBfvD6Rm6d3yjVk540=
			</data>
			<key>hash2</key>
			<data>
			QAg6gyiNeq39mqhxZ/OttPualO+F1x2E99sNuyNE1ZE=
			</data>
		</dict>
		<key>Modules/module.modulemap</key>
		<dict>
			<key>hash</key>
			<data>
			Bey/HDj6mfWAMaHrd42tLo2G6HA=
			</data>
			<key>hash2</key>
			<data>
			kjfaRu6wmQ32w9Db79wuDbkttAjOMC2jrLbtCbIzrSM=
			</data>
		</dict>
		<key>Resources/Info.plist</key>
		<dict>
			<key>hash</key>
			<data>
			ST/J6EcGs8Dl9v9k6CFcQ1TxQjk=
			</data>
			<key>hash2</key>
			<data>
			1W3EUrOl1TiFPnnopfIshmbKeGy2lKuPPkm+5U9gZdA=
			</data>
		</dict>
	</dict>
	<key>rules</key>
	<dict>
		<key>^Resources/</key>
		<true/>
		<key>^Resources/.*\.lproj/</key>
		<dict>
			<key>optional</key>
			<true/>
			<key>weight</key>
			<real>1000</real>
		</dict>
		<key>^Resources/.*\.lproj/locversion.plist$</key>
		<dict>
			<key>omit</key>
			<true/>
			<key>weight</key>
			<real>1100</real>
		</dict>
		<key>^Resources/Base\.lproj/</key>
		<dict>
			<key>weight</key>
			<real>1010</real>
		</dict>
		<key>^version.plist$</key>
		<true/>
	</dict>
	<key>rules2</key>
	<dict>
		<key>.*\.dSYM($|/)</key>
		<dict>
			<key>weight</key>
			<real>11</real>
		</dict>
		<key>^(.*/)?\.DS_Store$</key>
		<dict>
			<key>omit</key>
			<true/>
			<key>weight</key>
			<real>2000</real>
		</dict>
		<key>^(Frameworks|SharedFrameworks|PlugIns|Plug-ins|XPCServices|Helpers|MacOS|Library/(Automator|Spotlight|LoginItems))/</key>
		<dict>
			<key>nested</key>
			<true/>
			<key>weight</key>
			<real>10</real>
		</dict>
		<key>^.*</key>
		<true/>
		<key>^Info\.plist$</key>
		<dict>
			<key>omit</key>
			<true/>
			<key>weight</key>
			<real>20</real>
		</dict>
		<key>^PkgInfo$</key>
		<dict>
			<key>omit</key>
			<true/>
			<key>weight</key>
			<real>20</real>
		</dict>
		<key>^Resources/</key>
		<dict>
			<key>weight</key>
			<real>20</real>
		</dict>
		<key>^Resources/.*\.lproj/</key>
		<dict>
			<key>optional</key>
			<true/>
			<key>weight</key>
			<real>1000</real>
		</dict>
		<key>^Resources/.*\.lproj/locversion.plist$</key>
		<dict>
			<key>omit</key>
			<true/>
			<key>weight</key>
			<real>1100</real>
		</dict>
		<key>^Resources/Base\.lproj/</key>
		<dict>
			<key>weight</key>
			<real>1010</real>
		</dict>
		<key>^[^/]+$</key>
		<dict>
			<key>nested</key>
			<true/>
			<key>weight</key>
			<real>10</real>
		</dict>
		<key>^embedded\.provisionprofile$</key>
		<dict>
			<key>weight</key>
			<real>20</real>
		</dict>
		<key>^version\.plist$</key>
		<dict>
			<key>weight</key>
			<real>20</real>
		</dict>
	</dict>
</dict>
</plist>
