<?xml version="1.0" encoding="UTF-8"?>
<!DOCTYPE plist PUBLIC "-//Apple//DTD PLIST 1.0//EN" "http://www.apple.com/DTDs/PropertyList-1.0.dtd">
<plist version="1.0">
<dict>
	<key>files</key>
	<dict>
		<key>Resources/Info.plist</key>
		<data>
		szI4zd9l8x+GRqYx10nnE5RGT0M=
		</data>
		<key>Resources/MainMenu.nib</key>
		<data>
		FqcTeNOEJKJx8nHvMvTYjt0YE80=
		</data>
		<key>Resources/am.lproj/locale.pak</key>
		<dict>
			<key>hash</key>
			<data>
			BatzhZhOQgp0TryILMt80lSa3ic=
			</data>
			<key>optional</key>
			<true/>
		</dict>
		<key>Resources/ar.lproj/locale.pak</key>
		<dict>
			<key>hash</key>
			<data>
			3X1N2TydijPoAxzTW4AS6ShaeIs=
			</data>
			<key>optional</key>
			<true/>
		</dict>
		<key>Resources/bg.lproj/locale.pak</key>
		<dict>
			<key>hash</key>
			<data>
			BjV1f5+hihLvf+Mjz3f7Zu48MNs=
			</data>
			<key>optional</key>
			<true/>
		</dict>
		<key>Resources/bn.lproj/locale.pak</key>
		<dict>
			<key>hash</key>
			<data>
			Sksau9XYAwTArv7Sd+qoix8ex/U=
			</data>
			<key>optional</key>
			<true/>
		</dict>
		<key>Resources/ca.lproj/locale.pak</key>
		<dict>
			<key>hash</key>
			<data>
			JZZCocfhWRlWMEo0BsWMPOV4o2M=
			</data>
			<key>optional</key>
			<true/>
		</dict>
		<key>Resources/content_shell.pak</key>
		<data>
		dc7KHqfkmCbbBptaHAzhDMP8p3A=
		</data>
		<key>Resources/crashpad_handler</key>
		<data>
		hUkvkz+eH4Y/8YLUefIzY+nPD3s=
		</data>
		<key>Resources/cs.lproj/locale.pak</key>
		<dict>
			<key>hash</key>
			<data>
			+40n43Bqe3c1Q+z4kgoOHDpLtTE=
			</data>
			<key>optional</key>
			<true/>
		</dict>
		<key>Resources/da.lproj/locale.pak</key>
		<dict>
			<key>hash</key>
			<data>
			XDtq+l1omvJlgjLCRrJJFbCRMgQ=
			</data>
			<key>optional</key>
			<true/>
		</dict>
		<key>Resources/de.lproj/locale.pak</key>
		<dict>
			<key>hash</key>
			<data>
			Nxy4Ta+NkcxatM/nazdpwpOUYsc=
			</data>
			<key>optional</key>
			<true/>
		</dict>
		<key>Resources/el.lproj/locale.pak</key>
		<dict>
			<key>hash</key>
			<data>
			kpsMTeFj8q8XAwqq3i7W+Bakz4I=
			</data>
			<key>optional</key>
			<true/>
		</dict>
		<key>Resources/en.lproj/locale.pak</key>
		<dict>
			<key>hash</key>
			<data>
			gW2iZ9M6kLT8eIWK7N4IjLUI2kc=
			</data>
			<key>optional</key>
			<true/>
		</dict>
		<key>Resources/en_GB.lproj/locale.pak</key>
		<dict>
			<key>hash</key>
			<data>
			3t4SoxF69yDG/YdGEYvObetsiYY=
			</data>
			<key>optional</key>
			<true/>
		</dict>
		<key>Resources/es.lproj/locale.pak</key>
		<dict>
			<key>hash</key>
			<data>
			dwBdw8QE8shSZ7iJDoak8MHqjxE=
			</data>
			<key>optional</key>
			<true/>
		</dict>
		<key>Resources/es_419.lproj/locale.pak</key>
		<dict>
			<key>hash</key>
			<data>
			mldAfwMbIPsE4jdZ7gthmRJXjwk=
			</data>
			<key>optional</key>
			<true/>
		</dict>
		<key>Resources/et.lproj/locale.pak</key>
		<dict>
			<key>hash</key>
			<data>
			LAHAHM0asUxyP8ksL4WO512UDGA=
			</data>
			<key>optional</key>
			<true/>
		</dict>
		<key>Resources/fa.lproj/locale.pak</key>
		<dict>
			<key>hash</key>
			<data>
			y5ov+SjIKOKWA2IsA9dtMl1ANOw=
			</data>
			<key>optional</key>
			<true/>
		</dict>
		<key>Resources/fi.lproj/locale.pak</key>
		<dict>
			<key>hash</key>
			<data>
			q+Hf5sKjfoAqgZgtHs8WGUYZHZg=
			</data>
			<key>optional</key>
			<true/>
		</dict>
		<key>Resources/fil.lproj/locale.pak</key>
		<dict>
			<key>hash</key>
			<data>
			jG68xHhSDDdL028b4hWBS/Ukfpk=
			</data>
			<key>optional</key>
			<true/>
		</dict>
		<key>Resources/fr.lproj/locale.pak</key>
		<dict>
			<key>hash</key>
			<data>
			JDl5zI9caHD9NcX6LiZ0CxFPgUo=
			</data>
			<key>optional</key>
			<true/>
		</dict>
		<key>Resources/gu.lproj/locale.pak</key>
		<dict>
			<key>hash</key>
			<data>
			/QA3CrA8VW3OGQZhSruDLNDKqjA=
			</data>
			<key>optional</key>
			<true/>
		</dict>
		<key>Resources/he.lproj/locale.pak</key>
		<dict>
			<key>hash</key>
			<data>
			HXqlLfQ11pQwLGy9nRPb5U3ZT24=
			</data>
			<key>optional</key>
			<true/>
		</dict>
		<key>Resources/hi.lproj/locale.pak</key>
		<dict>
			<key>hash</key>
			<data>
			FlsPbA6OIarZzdSi0koTLWLna6E=
			</data>
			<key>optional</key>
			<true/>
		</dict>
		<key>Resources/hr.lproj/locale.pak</key>
		<dict>
			<key>hash</key>
			<data>
			mhUM65kYJmLKK8r67rqEBps7sJk=
			</data>
			<key>optional</key>
			<true/>
		</dict>
		<key>Resources/hu.lproj/locale.pak</key>
		<dict>
			<key>hash</key>
			<data>
			k5o5OhtTl4r/Y3ksiM/NYo+pOQE=
			</data>
			<key>optional</key>
			<true/>
		</dict>
		<key>Resources/icudtl.dat</key>
		<data>
		XZ05yABU7TFfpMrCPNlW4xIc5dA=
		</data>
		<key>Resources/id.lproj/locale.pak</key>
		<dict>
			<key>hash</key>
			<data>
			Y42ZppZZZNBseK6RzCFME0uBM88=
			</data>
			<key>optional</key>
			<true/>
		</dict>
		<key>Resources/it.lproj/locale.pak</key>
		<dict>
			<key>hash</key>
			<data>
			e1eqdGg9OvKFyYq8EXao23bH7Us=
			</data>
			<key>optional</key>
			<true/>
		</dict>
		<key>Resources/ja.lproj/locale.pak</key>
		<dict>
			<key>hash</key>
			<data>
			QO854+8jx0Y98oMcPHrNnOdQUWc=
			</data>
			<key>optional</key>
			<true/>
		</dict>
		<key>Resources/kn.lproj/locale.pak</key>
		<dict>
			<key>hash</key>
			<data>
			eLwKd5mw3uoxjtrhaNvbSRnvqgA=
			</data>
			<key>optional</key>
			<true/>
		</dict>
		<key>Resources/ko.lproj/locale.pak</key>
		<dict>
			<key>hash</key>
			<data>
			b+iEYWp2wMkWrHN2hBwQM0vd4sk=
			</data>
			<key>optional</key>
			<true/>
		</dict>
		<key>Resources/lt.lproj/locale.pak</key>
		<dict>
			<key>hash</key>
			<data>
			SPIal5cyivdGe1pJAwlU+Q/lWNg=
			</data>
			<key>optional</key>
			<true/>
		</dict>
		<key>Resources/lv.lproj/locale.pak</key>
		<dict>
			<key>hash</key>
			<data>
			oRET1kQHy0T/LFk3YJjYP43UKC4=
			</data>
			<key>optional</key>
			<true/>
		</dict>
		<key>Resources/ml.lproj/locale.pak</key>
		<dict>
			<key>hash</key>
			<data>
			1gOydLCcWcwd1gyZF1GNTrdbboE=
			</data>
			<key>optional</key>
			<true/>
		</dict>
		<key>Resources/mr.lproj/locale.pak</key>
		<dict>
			<key>hash</key>
			<data>
			0nwWgbQRkel3QfXu3OURrDTptGY=
			</data>
			<key>optional</key>
			<true/>
		</dict>
		<key>Resources/ms.lproj/locale.pak</key>
		<dict>
			<key>hash</key>
			<data>
			fMTjcZlsDYAw69YPth/B21AM2KI=
			</data>
			<key>optional</key>
			<true/>
		</dict>
		<key>Resources/natives_blob.bin</key>
		<data>
		SNcAq4yPIq7wdNCjyfK0CoSkEtU=
		</data>
		<key>Resources/nb.lproj/locale.pak</key>
		<dict>
			<key>hash</key>
			<data>
			F1kMLBsk3aYT1ifLvil6mGfet50=
			</data>
			<key>optional</key>
			<true/>
		</dict>
		<key>Resources/nl.lproj/locale.pak</key>
		<dict>
			<key>hash</key>
			<data>
			3+JAh+LwAzZZtjvQn10CGhdN1/w=
			</data>
			<key>optional</key>
			<true/>
		</dict>
		<key>Resources/pl.lproj/locale.pak</key>
		<dict>
			<key>hash</key>
			<data>
			vvw/0YG6dHdbPDnzZ2zeqyzZQ/8=
			</data>
			<key>optional</key>
			<true/>
		</dict>
		<key>Resources/pt_BR.lproj/locale.pak</key>
		<dict>
			<key>hash</key>
			<data>
			we8eXYjVbuHLkeFhqE6iUFOEotw=
			</data>
			<key>optional</key>
			<true/>
		</dict>
		<key>Resources/pt_PT.lproj/locale.pak</key>
		<dict>
			<key>hash</key>
			<data>
			OV7xxbk4vomoXQII3dM2QmlXlAw=
			</data>
			<key>optional</key>
			<true/>
		</dict>
		<key>Resources/ro.lproj/locale.pak</key>
		<dict>
			<key>hash</key>
			<data>
			Q62iIEWUB1GNXo9+KPMcDCAfA1E=
			</data>
			<key>optional</key>
			<true/>
		</dict>
		<key>Resources/ru.lproj/locale.pak</key>
		<dict>
			<key>hash</key>
			<data>
			GXZgbXHWwJvsK/1G/DFugLqLd/I=
			</data>
			<key>optional</key>
			<true/>
		</dict>
		<key>Resources/sk.lproj/locale.pak</key>
		<dict>
			<key>hash</key>
			<data>
			MUCeB7hiH8v7OePMz+XGCfCr6MY=
			</data>
			<key>optional</key>
			<true/>
		</dict>
		<key>Resources/sl.lproj/locale.pak</key>
		<dict>
			<key>hash</key>
			<data>
			5uS+Z8O8SGGw5RCOPZ2lJVc1dRU=
			</data>
			<key>optional</key>
			<true/>
		</dict>
		<key>Resources/snapshot_blob.bin</key>
		<data>
		l/B3i96/CirfQ8yLJH5URQQK4Y0=
		</data>
		<key>Resources/sr.lproj/locale.pak</key>
		<dict>
			<key>hash</key>
			<data>
			OSXTi5EcJ8WREeIr1k2SWbKaOb8=
			</data>
			<key>optional</key>
			<true/>
		</dict>
		<key>Resources/sv.lproj/locale.pak</key>
		<dict>
			<key>hash</key>
			<data>
			IY4KUGnZhrNiQqe3fRWwUrZCN9E=
			</data>
			<key>optional</key>
			<true/>
		</dict>
		<key>Resources/sw.lproj/locale.pak</key>
		<dict>
			<key>hash</key>
			<data>
			xD6V8MM0pQiZcZrSQ/E7736XA0c=
			</data>
			<key>optional</key>
			<true/>
		</dict>
		<key>Resources/ta.lproj/locale.pak</key>
		<dict>
			<key>hash</key>
			<data>
			gApiHgVcA1NU5FMJpNRfLIJiNsA=
			</data>
			<key>optional</key>
			<true/>
		</dict>
		<key>Resources/te.lproj/locale.pak</key>
		<dict>
			<key>hash</key>
			<data>
			OcjcD/6MSI5IV+ReNLWTbwx5ZDE=
			</data>
			<key>optional</key>
			<true/>
		</dict>
		<key>Resources/th.lproj/locale.pak</key>
		<dict>
			<key>hash</key>
			<data>
			7OnlPWpzMYqnHnrTv6g+gVZU0LY=
			</data>
			<key>optional</key>
			<true/>
		</dict>
		<key>Resources/tr.lproj/locale.pak</key>
		<dict>
			<key>hash</key>
			<data>
			4WY+QdZhxj6bN09vAGIRs2bseSA=
			</data>
			<key>optional</key>
			<true/>
		</dict>
		<key>Resources/uk.lproj/locale.pak</key>
		<dict>
			<key>hash</key>
			<data>
			sMZfuQTS3c7YpFFw0Z6rntzGBWs=
			</data>
			<key>optional</key>
			<true/>
		</dict>
		<key>Resources/vi.lproj/locale.pak</key>
		<dict>
			<key>hash</key>
			<data>
			2kWoBZrvSROZY1qoyBw4Pivfu28=
			</data>
			<key>optional</key>
			<true/>
		</dict>
		<key>Resources/zh_CN.lproj/locale.pak</key>
		<dict>
			<key>hash</key>
			<data>
			XEUBoH2cu081CXgJIlfZRaVUhVo=
			</data>
			<key>optional</key>
			<true/>
		</dict>
		<key>Resources/zh_TW.lproj/locale.pak</key>
		<dict>
			<key>hash</key>
			<data>
			pZ+kryoPOIAhyihF2QA3eYuv5FU=
			</data>
			<key>optional</key>
			<true/>
		</dict>
	</dict>
	<key>files2</key>
	<dict>
		<key>Libraries/libffmpeg.dylib</key>
		<dict>
			<key>hash</key>
			<data>
			El71PlrN9X5zf2dcXvu0Fn6p9Hw=
			</data>
			<key>hash2</key>
			<data>
			W5EJbeKaX2kGEUZ7CbHomtKtToR6ZZ0ozE/zOsbiym4=
			</data>
		</dict>
		<key>Libraries/libnode.dylib</key>
		<dict>
			<key>hash</key>
			<data>
			NwXT5azMTvlR4ri/uFhp6fH0Fsw=
			</data>
			<key>hash2</key>
			<data>
			3iMApmVJ3qScgk7KaPA1InbGQNT5Zm/s1dXBDx9Kung=
			</data>
		</dict>
		<key>Resources/Info.plist</key>
		<dict>
			<key>hash</key>
			<data>
			szI4zd9l8x+GRqYx10nnE5RGT0M=
			</data>
			<key>hash2</key>
			<data>
			L7bvuxN4ddfFcsg/JHbJEt0c/Fkf9etpZGQbZnY+3aI=
			</data>
		</dict>
		<key>Resources/MainMenu.nib</key>
		<dict>
			<key>hash</key>
			<data>
			FqcTeNOEJKJx8nHvMvTYjt0YE80=
			</data>
			<key>hash2</key>
			<data>
			ZQlD6R7xYPrWFJcP6RZ0sWBLxit70rEw5b0Aecru3Dk=
			</data>
		</dict>
		<key>Resources/am.lproj/locale.pak</key>
		<dict>
			<key>hash</key>
			<data>
			BatzhZhOQgp0TryILMt80lSa3ic=
			</data>
			<key>hash2</key>
			<data>
			ttmRI7deBcqD+tpto/bfYh6X+boXLZT63c1K3CaeXes=
			</data>
			<key>optional</key>
			<true/>
		</dict>
		<key>Resources/ar.lproj/locale.pak</key>
		<dict>
			<key>hash</key>
			<data>
			3X1N2TydijPoAxzTW4AS6ShaeIs=
			</data>
			<key>hash2</key>
			<data>
			rKdRjgZkUmyG5dOl6no01e4hNOjM9OOQOZP/p4hMt8c=
			</data>
			<key>optional</key>
			<true/>
		</dict>
		<key>Resources/bg.lproj/locale.pak</key>
		<dict>
			<key>hash</key>
			<data>
			BjV1f5+hihLvf+Mjz3f7Zu48MNs=
			</data>
			<key>hash2</key>
			<data>
			8XPAxUmUd4C3JXbzvJFoVefPWUWHNESw8ROEifNvokU=
			</data>
			<key>optional</key>
			<true/>
		</dict>
		<key>Resources/bn.lproj/locale.pak</key>
		<dict>
			<key>hash</key>
			<data>
			Sksau9XYAwTArv7Sd+qoix8ex/U=
			</data>
			<key>hash2</key>
			<data>
			WMgMRH6wWTJNRbo3Wib+LG8iifNNDKEx4KxqEfL8xCk=
			</data>
			<key>optional</key>
			<true/>
		</dict>
		<key>Resources/ca.lproj/locale.pak</key>
		<dict>
			<key>hash</key>
			<data>
			JZZCocfhWRlWMEo0BsWMPOV4o2M=
			</data>
			<key>hash2</key>
			<data>
			i0ye8ByjTIYOoprMSkFSXdkfg1qG2VzPpBrTozJyX2Y=
			</data>
			<key>optional</key>
			<true/>
		</dict>
		<key>Resources/content_shell.pak</key>
		<dict>
			<key>hash</key>
			<data>
			dc7KHqfkmCbbBptaHAzhDMP8p3A=
			</data>
			<key>hash2</key>
			<data>
			sEMOoVYdLXW9psre69wpxtPqRNVVcAAK0P3zwaq8nwI=
			</data>
		</dict>
		<key>Resources/crashpad_handler</key>
		<dict>
			<key>hash</key>
			<data>
			hUkvkz+eH4Y/8YLUefIzY+nPD3s=
			</data>
			<key>hash2</key>
			<data>
			mG0vX6h4LyxEqN/SHwki/9hDsf9fiKM2WxddEDtRmHs=
			</data>
		</dict>
		<key>Resources/cs.lproj/locale.pak</key>
		<dict>
			<key>hash</key>
			<data>
			+40n43Bqe3c1Q+z4kgoOHDpLtTE=
			</data>
			<key>hash2</key>
			<data>
			rMjEoehxAC/Qtera8DSOm7ncEnLhAZ1v7+fNVLhmZ7A=
			</data>
			<key>optional</key>
			<true/>
		</dict>
		<key>Resources/da.lproj/locale.pak</key>
		<dict>
			<key>hash</key>
			<data>
			XDtq+l1omvJlgjLCRrJJFbCRMgQ=
			</data>
			<key>hash2</key>
			<data>
			t0LZPTick7nRmdElKFzd7Qiq9NFP6sykGQ25I+DCq+w=
			</data>
			<key>optional</key>
			<true/>
		</dict>
		<key>Resources/de.lproj/locale.pak</key>
		<dict>
			<key>hash</key>
			<data>
			Nxy4Ta+NkcxatM/nazdpwpOUYsc=
			</data>
			<key>hash2</key>
			<data>
			0GrGf3r87MLmV8FdoVMDAWdknSv/10AoJ5E+mABQtHk=
			</data>
			<key>optional</key>
			<true/>
		</dict>
		<key>Resources/el.lproj/locale.pak</key>
		<dict>
			<key>hash</key>
			<data>
			kpsMTeFj8q8XAwqq3i7W+Bakz4I=
			</data>
			<key>hash2</key>
			<data>
			q78byBstihRZd6UexmWLokX/SsV3mhjwmbMzt4Vkecc=
			</data>
			<key>optional</key>
			<true/>
		</dict>
		<key>Resources/en.lproj/locale.pak</key>
		<dict>
			<key>hash</key>
			<data>
			gW2iZ9M6kLT8eIWK7N4IjLUI2kc=
			</data>
			<key>hash2</key>
			<data>
			9n0fzVnVdFwVvUGGVhzF2vdxkQilQ8J55ynD9uDOb9E=
			</data>
			<key>optional</key>
			<true/>
		</dict>
		<key>Resources/en_GB.lproj/locale.pak</key>
		<dict>
			<key>hash</key>
			<data>
			3t4SoxF69yDG/YdGEYvObetsiYY=
			</data>
			<key>hash2</key>
			<data>
			/OYevcQQKKNVpT9jXVtbTWM4cjjCOsd8sXHzUArlPbY=
			</data>
			<key>optional</key>
			<true/>
		</dict>
		<key>Resources/es.lproj/locale.pak</key>
		<dict>
			<key>hash</key>
			<data>
			dwBdw8QE8shSZ7iJDoak8MHqjxE=
			</data>
			<key>hash2</key>
			<data>
			nCsG3rdKiXjy3G13fWQx/DD4AB3I6BavmIWMhwQkJxo=
			</data>
			<key>optional</key>
			<true/>
		</dict>
		<key>Resources/es_419.lproj/locale.pak</key>
		<dict>
			<key>hash</key>
			<data>
			mldAfwMbIPsE4jdZ7gthmRJXjwk=
			</data>
			<key>hash2</key>
			<data>
			ycRBd3/aej8uRyV3NirNJ3mBW/I9IJJtsdnYSY7LFDw=
			</data>
			<key>optional</key>
			<true/>
		</dict>
		<key>Resources/et.lproj/locale.pak</key>
		<dict>
			<key>hash</key>
			<data>
			LAHAHM0asUxyP8ksL4WO512UDGA=
			</data>
			<key>hash2</key>
			<data>
			QtJYGBAFzWJr5w9aE1fxvHOhu7z+wCEY1EtdNxWhCHU=
			</data>
			<key>optional</key>
			<true/>
		</dict>
		<key>Resources/fa.lproj/locale.pak</key>
		<dict>
			<key>hash</key>
			<data>
			y5ov+SjIKOKWA2IsA9dtMl1ANOw=
			</data>
			<key>hash2</key>
			<data>
			8Fm4rrl6/Wv2UqNUlPcpGEgcI0xJBfjf3e8e8XBNikg=
			</data>
			<key>optional</key>
			<true/>
		</dict>
		<key>Resources/fi.lproj/locale.pak</key>
		<dict>
			<key>hash</key>
			<data>
			q+Hf5sKjfoAqgZgtHs8WGUYZHZg=
			</data>
			<key>hash2</key>
			<data>
			pwrralFRKhQKR5ijW3bR3ogZ9tAbufne6nwg/rS57eg=
			</data>
			<key>optional</key>
			<true/>
		</dict>
		<key>Resources/fil.lproj/locale.pak</key>
		<dict>
			<key>hash</key>
			<data>
			jG68xHhSDDdL028b4hWBS/Ukfpk=
			</data>
			<key>hash2</key>
			<data>
			AebegOBBECg8c+2F4SJ5QXKPSi5UQpsSZYS4+evxXUA=
			</data>
			<key>optional</key>
			<true/>
		</dict>
		<key>Resources/fr.lproj/locale.pak</key>
		<dict>
			<key>hash</key>
			<data>
			JDl5zI9caHD9NcX6LiZ0CxFPgUo=
			</data>
			<key>hash2</key>
			<data>
			uPTbdjLCdFgVoBtmzGSu0OdiafTNmVXd879jAFBZecw=
			</data>
			<key>optional</key>
			<true/>
		</dict>
		<key>Resources/gu.lproj/locale.pak</key>
		<dict>
			<key>hash</key>
			<data>
			/QA3CrA8VW3OGQZhSruDLNDKqjA=
			</data>
			<key>hash2</key>
			<data>
			KgSLEC5eKCNLEeGYXx8OXCzmYYpQerflTMYL/8uevfI=
			</data>
			<key>optional</key>
			<true/>
		</dict>
		<key>Resources/he.lproj/locale.pak</key>
		<dict>
			<key>hash</key>
			<data>
			HXqlLfQ11pQwLGy9nRPb5U3ZT24=
			</data>
			<key>hash2</key>
			<data>
			ng7EUXF5SB3zcSne8vur7ti3AqnnjXEMiMPRRK2l+x8=
			</data>
			<key>optional</key>
			<true/>
		</dict>
		<key>Resources/hi.lproj/locale.pak</key>
		<dict>
			<key>hash</key>
			<data>
			FlsPbA6OIarZzdSi0koTLWLna6E=
			</data>
			<key>hash2</key>
			<data>
			lhECgifsCEAGJavMlusoDrBaoU/Hjs5Ei4TAz8C3eTs=
			</data>
			<key>optional</key>
			<true/>
		</dict>
		<key>Resources/hr.lproj/locale.pak</key>
		<dict>
			<key>hash</key>
			<data>
			mhUM65kYJmLKK8r67rqEBps7sJk=
			</data>
			<key>hash2</key>
			<data>
			fBkZtF+dPc5ZjGKzof4Vwq/P7s1EvV/vnm+/1MnzvcM=
			</data>
			<key>optional</key>
			<true/>
		</dict>
		<key>Resources/hu.lproj/locale.pak</key>
		<dict>
			<key>hash</key>
			<data>
			k5o5OhtTl4r/Y3ksiM/NYo+pOQE=
			</data>
			<key>hash2</key>
			<data>
			UaCvdT0cnXPW7e7mzbg1imW6GxJC3TAP1SS5hT3jriw=
			</data>
			<key>optional</key>
			<true/>
		</dict>
		<key>Resources/icudtl.dat</key>
		<dict>
			<key>hash</key>
			<data>
			XZ05yABU7TFfpMrCPNlW4xIc5dA=
			</data>
			<key>hash2</key>
			<data>
			IrSxYvqcGjXQht9LJTJIXA3f7kZJ3oUZz8UqCfdJuOo=
			</data>
		</dict>
		<key>Resources/id.lproj/locale.pak</key>
		<dict>
			<key>hash</key>
			<data>
			Y42ZppZZZNBseK6RzCFME0uBM88=
			</data>
			<key>hash2</key>
			<data>
			UxgZzltGabVxyG39exqO2QkLo1enzlC7DublLQMZo/E=
			</data>
			<key>optional</key>
			<true/>
		</dict>
		<key>Resources/it.lproj/locale.pak</key>
		<dict>
			<key>hash</key>
			<data>
			e1eqdGg9OvKFyYq8EXao23bH7Us=
			</data>
			<key>hash2</key>
			<data>
			WtAhvMpjDuwhaqWSX99zDHqR1IFkaj41533bVzGoLSE=
			</data>
			<key>optional</key>
			<true/>
		</dict>
		<key>Resources/ja.lproj/locale.pak</key>
		<dict>
			<key>hash</key>
			<data>
			QO854+8jx0Y98oMcPHrNnOdQUWc=
			</data>
			<key>hash2</key>
			<data>
			03tNcuOc0CQKPKKPxAUIaIb++mftj5rPxiiGB+2YiZc=
			</data>
			<key>optional</key>
			<true/>
		</dict>
		<key>Resources/kn.lproj/locale.pak</key>
		<dict>
			<key>hash</key>
			<data>
			eLwKd5mw3uoxjtrhaNvbSRnvqgA=
			</data>
			<key>hash2</key>
			<data>
			HoCJZEkqPqrlkFcncibInLgXk5REzRJtHHowPzWI+co=
			</data>
			<key>optional</key>
			<true/>
		</dict>
		<key>Resources/ko.lproj/locale.pak</key>
		<dict>
			<key>hash</key>
			<data>
			b+iEYWp2wMkWrHN2hBwQM0vd4sk=
			</data>
			<key>hash2</key>
			<data>
			caUdte37oauDD2NmTHzSVVSbyJp/kLBlH7nvxFWdjoA=
			</data>
			<key>optional</key>
			<true/>
		</dict>
		<key>Resources/lt.lproj/locale.pak</key>
		<dict>
			<key>hash</key>
			<data>
			SPIal5cyivdGe1pJAwlU+Q/lWNg=
			</data>
			<key>hash2</key>
			<data>
			XAOtUHsEHC/7wfKzORHqhabiqQYtlMJyt/KgHDGc4ak=
			</data>
			<key>optional</key>
			<true/>
		</dict>
		<key>Resources/lv.lproj/locale.pak</key>
		<dict>
			<key>hash</key>
			<data>
			oRET1kQHy0T/LFk3YJjYP43UKC4=
			</data>
			<key>hash2</key>
			<data>
			uCwRviGvP7fF2mUU9FGXw3Yrw5MzWsY3KThx2mFwpgs=
			</data>
			<key>optional</key>
			<true/>
		</dict>
		<key>Resources/ml.lproj/locale.pak</key>
		<dict>
			<key>hash</key>
			<data>
			1gOydLCcWcwd1gyZF1GNTrdbboE=
			</data>
			<key>hash2</key>
			<data>
			PXizwEG3Nao8nqQZj89w7X8TeFNoLPAp9v1evtrFEBs=
			</data>
			<key>optional</key>
			<true/>
		</dict>
		<key>Resources/mr.lproj/locale.pak</key>
		<dict>
			<key>hash</key>
			<data>
			0nwWgbQRkel3QfXu3OURrDTptGY=
			</data>
			<key>hash2</key>
			<data>
			9yzHzLKgLd6gKmLNdlMUx8tScYze+e0BZinl5WFwDzY=
			</data>
			<key>optional</key>
			<true/>
		</dict>
		<key>Resources/ms.lproj/locale.pak</key>
		<dict>
			<key>hash</key>
			<data>
			fMTjcZlsDYAw69YPth/B21AM2KI=
			</data>
			<key>hash2</key>
			<data>
			mgm3kh9L6XUwnE0/+0IjI+8r3Ta8dwZnRpjYBh/sBzM=
			</data>
			<key>optional</key>
			<true/>
		</dict>
		<key>Resources/natives_blob.bin</key>
		<dict>
			<key>hash</key>
			<data>
			SNcAq4yPIq7wdNCjyfK0CoSkEtU=
			</data>
			<key>hash2</key>
			<data>
			NdhTIOKQgkDaHcild9o6rXApNpmTNqPcwFdrAME+l1Y=
			</data>
		</dict>
		<key>Resources/nb.lproj/locale.pak</key>
		<dict>
			<key>hash</key>
			<data>
			F1kMLBsk3aYT1ifLvil6mGfet50=
			</data>
			<key>hash2</key>
			<data>
			Xfsn60+0NfBcfgXeqPo7t0IDmuaGs3mkpG8YC7R73V0=
			</data>
			<key>optional</key>
			<true/>
		</dict>
		<key>Resources/nl.lproj/locale.pak</key>
		<dict>
			<key>hash</key>
			<data>
			3+JAh+LwAzZZtjvQn10CGhdN1/w=
			</data>
			<key>hash2</key>
			<data>
			HIwssOGx9+VRpivvlI4qiFXmmhikAzVVpUOX84rgESA=
			</data>
			<key>optional</key>
			<true/>
		</dict>
		<key>Resources/pl.lproj/locale.pak</key>
		<dict>
			<key>hash</key>
			<data>
			vvw/0YG6dHdbPDnzZ2zeqyzZQ/8=
			</data>
			<key>hash2</key>
			<data>
			pLSOIIFTMewjeNI7DwiyjtT1a3csHqKnjIQosfixkl4=
			</data>
			<key>optional</key>
			<true/>
		</dict>
		<key>Resources/pt_BR.lproj/locale.pak</key>
		<dict>
			<key>hash</key>
			<data>
			we8eXYjVbuHLkeFhqE6iUFOEotw=
			</data>
			<key>hash2</key>
			<data>
			EzBlnV51g9rAl2kfJ3tME6Im8WvPmkLnW87JPBtVj5M=
			</data>
			<key>optional</key>
			<true/>
		</dict>
		<key>Resources/pt_PT.lproj/locale.pak</key>
		<dict>
			<key>hash</key>
			<data>
			OV7xxbk4vomoXQII3dM2QmlXlAw=
			</data>
			<key>hash2</key>
			<data>
			SnbvPKePF1Ubb/ackdfZ+WNudRlkWhsmk6HoJwPtqnc=
			</data>
			<key>optional</key>
			<true/>
		</dict>
		<key>Resources/ro.lproj/locale.pak</key>
		<dict>
			<key>hash</key>
			<data>
			Q62iIEWUB1GNXo9+KPMcDCAfA1E=
			</data>
			<key>hash2</key>
			<data>
			sYwNy+sXgDub+gGuELrOQKcuaVoZ+fLrW8QDag3SBC8=
			</data>
			<key>optional</key>
			<true/>
		</dict>
		<key>Resources/ru.lproj/locale.pak</key>
		<dict>
			<key>hash</key>
			<data>
			GXZgbXHWwJvsK/1G/DFugLqLd/I=
			</data>
			<key>hash2</key>
			<data>
			jkaWVIlROT0A3VIj367QFuQDyFIkH+4PGt83raSQF2E=
			</data>
			<key>optional</key>
			<true/>
		</dict>
		<key>Resources/sk.lproj/locale.pak</key>
		<dict>
			<key>hash</key>
			<data>
			MUCeB7hiH8v7OePMz+XGCfCr6MY=
			</data>
			<key>hash2</key>
			<data>
			u/9iBMNP+HCNuKfyX73Kh5Sh6brf3XXETd2lhIZFWCc=
			</data>
			<key>optional</key>
			<true/>
		</dict>
		<key>Resources/sl.lproj/locale.pak</key>
		<dict>
			<key>hash</key>
			<data>
			5uS+Z8O8SGGw5RCOPZ2lJVc1dRU=
			</data>
			<key>hash2</key>
			<data>
			7eXgQoAa9sRZM13qMZPrZb3mz2vV3Iu84i8Vj3EeYJs=
			</data>
			<key>optional</key>
			<true/>
		</dict>
		<key>Resources/snapshot_blob.bin</key>
		<dict>
			<key>hash</key>
			<data>
			l/B3i96/CirfQ8yLJH5URQQK4Y0=
			</data>
			<key>hash2</key>
			<data>
			HN+1XWkaU+tSoc30WSTPL/rvcRYQ3yopUsUR2r4itNk=
			</data>
		</dict>
		<key>Resources/sr.lproj/locale.pak</key>
		<dict>
			<key>hash</key>
			<data>
			OSXTi5EcJ8WREeIr1k2SWbKaOb8=
			</data>
			<key>hash2</key>
			<data>
			DPlypDtR1q14rnoZOiRCdL6csyyLa8qWlm9vMX9KMXo=
			</data>
			<key>optional</key>
			<true/>
		</dict>
		<key>Resources/sv.lproj/locale.pak</key>
		<dict>
			<key>hash</key>
			<data>
			IY4KUGnZhrNiQqe3fRWwUrZCN9E=
			</data>
			<key>hash2</key>
			<data>
			gdvkSTgbH6JoQLXgGgwnokdcOwR6YzdAvSpFO20MkEs=
			</data>
			<key>optional</key>
			<true/>
		</dict>
		<key>Resources/sw.lproj/locale.pak</key>
		<dict>
			<key>hash</key>
			<data>
			xD6V8MM0pQiZcZrSQ/E7736XA0c=
			</data>
			<key>hash2</key>
			<data>
			lsqDglfEElQgha89aYMMwOECPxTIY0WWBBBjd9IYMEw=
			</data>
			<key>optional</key>
			<true/>
		</dict>
		<key>Resources/ta.lproj/locale.pak</key>
		<dict>
			<key>hash</key>
			<data>
			gApiHgVcA1NU5FMJpNRfLIJiNsA=
			</data>
			<key>hash2</key>
			<data>
			7ybcO7NWBYPZv2rni6bQCjw8201KZrczW9W0EUYgypY=
			</data>
			<key>optional</key>
			<true/>
		</dict>
		<key>Resources/te.lproj/locale.pak</key>
		<dict>
			<key>hash</key>
			<data>
			OcjcD/6MSI5IV+ReNLWTbwx5ZDE=
			</data>
			<key>hash2</key>
			<data>
			UrtNARXGb/GTo9EQtJhbsNWHYdo9ONBSAEgYJGEbR7A=
			</data>
			<key>optional</key>
			<true/>
		</dict>
		<key>Resources/th.lproj/locale.pak</key>
		<dict>
			<key>hash</key>
			<data>
			7OnlPWpzMYqnHnrTv6g+gVZU0LY=
			</data>
			<key>hash2</key>
			<data>
			yNQ9JYwt6+XtkCOaX/ivSdfC7vGs3VJr6mD3TQ2a2Ms=
			</data>
			<key>optional</key>
			<true/>
		</dict>
		<key>Resources/tr.lproj/locale.pak</key>
		<dict>
			<key>hash</key>
			<data>
			4WY+QdZhxj6bN09vAGIRs2bseSA=
			</data>
			<key>hash2</key>
			<data>
			yGzAEpOw8h66jOx19y0sU5WkMi041dwpJTgGDL3n+wo=
			</data>
			<key>optional</key>
			<true/>
		</dict>
		<key>Resources/uk.lproj/locale.pak</key>
		<dict>
			<key>hash</key>
			<data>
			sMZfuQTS3c7YpFFw0Z6rntzGBWs=
			</data>
			<key>hash2</key>
			<data>
			X2cRnER5Dl4QYGC8EO8V8aG30fC+ZExNq5xJ04/RSJg=
			</data>
			<key>optional</key>
			<true/>
		</dict>
		<key>Resources/vi.lproj/locale.pak</key>
		<dict>
			<key>hash</key>
			<data>
			2kWoBZrvSROZY1qoyBw4Pivfu28=
			</data>
			<key>hash2</key>
			<data>
			/XiMLyWkZ/9dGhV+iy9vx/zQK+5txfxk9cK9lcIdNCs=
			</data>
			<key>optional</key>
			<true/>
		</dict>
		<key>Resources/zh_CN.lproj/locale.pak</key>
		<dict>
			<key>hash</key>
			<data>
			XEUBoH2cu081CXgJIlfZRaVUhVo=
			</data>
			<key>hash2</key>
			<data>
			FeutghMqLqSjhDjdggrLz0LjMoedsNBhi/THjjEa2tg=
			</data>
			<key>optional</key>
			<true/>
		</dict>
		<key>Resources/zh_TW.lproj/locale.pak</key>
		<dict>
			<key>hash</key>
			<data>
			pZ+kryoPOIAhyihF2QA3eYuv5FU=
			</data>
			<key>hash2</key>
			<data>
			78cZWJpTD9FEHaos0d3/8z74kra2IKVb0NDoAdM2714=
			</data>
			<key>optional</key>
			<true/>
		</dict>
	</dict>
	<key>rules</key>
	<dict>
		<key>^Resources/</key>
		<true/>
		<key>^Resources/.*\.lproj/</key>
		<dict>
			<key>optional</key>
			<true/>
			<key>weight</key>
			<real>1000</real>
		</dict>
		<key>^Resources/.*\.lproj/locversion.plist$</key>
		<dict>
			<key>omit</key>
			<true/>
			<key>weight</key>
			<real>1100</real>
		</dict>
		<key>^Resources/Base\.lproj/</key>
		<dict>
			<key>weight</key>
			<real>1010</real>
		</dict>
		<key>^version.plist$</key>
		<true/>
	</dict>
	<key>rules2</key>
	<dict>
		<key>.*\.dSYM($|/)</key>
		<dict>
			<key>weight</key>
			<real>11</real>
		</dict>
		<key>^(.*/)?\.DS_Store$</key>
		<dict>
			<key>omit</key>
			<true/>
			<key>weight</key>
			<real>2000</real>
		</dict>
		<key>^(Frameworks|SharedFrameworks|PlugIns|Plug-ins|XPCServices|Helpers|MacOS|Library/(Automator|Spotlight|LoginItems))/</key>
		<dict>
			<key>nested</key>
			<true/>
			<key>weight</key>
			<real>10</real>
		</dict>
		<key>^.*</key>
		<true/>
		<key>^Info\.plist$</key>
		<dict>
			<key>omit</key>
			<true/>
			<key>weight</key>
			<real>20</real>
		</dict>
		<key>^PkgInfo$</key>
		<dict>
			<key>omit</key>
			<true/>
			<key>weight</key>
			<real>20</real>
		</dict>
		<key>^Resources/</key>
		<dict>
			<key>weight</key>
			<real>20</real>
		</dict>
		<key>^Resources/.*\.lproj/</key>
		<dict>
			<key>optional</key>
			<true/>
			<key>weight</key>
			<real>1000</real>
		</dict>
		<key>^Resources/.*\.lproj/locversion.plist$</key>
		<dict>
			<key>omit</key>
			<true/>
			<key>weight</key>
			<real>1100</real>
		</dict>
		<key>^Resources/Base\.lproj/</key>
		<dict>
			<key>weight</key>
			<real>1010</real>
		</dict>
		<key>^[^/]+$</key>
		<dict>
			<key>nested</key>
			<true/>
			<key>weight</key>
			<real>10</real>
		</dict>
		<key>^embedded\.provisionprofile$</key>
		<dict>
			<key>weight</key>
			<real>20</real>
		</dict>
		<key>^version\.plist$</key>
		<dict>
			<key>weight</key>
			<real>20</real>
		</dict>
	</dict>
</dict>
</plist>
