<?xml version="1.0" encoding="UTF-8"?>
<!DOCTYPE plist PUBLIC "-//Apple//DTD PLIST 1.0//EN" "http://www.apple.com/DTDs/PropertyList-1.0.dtd">
<plist version="1.0">
<dict>
	<key>files</key>
	<dict>
		<key>Resources/Info.plist</key>
		<data>
		pcDo9jVpr8D0N83JE6pJohyhRJI=
		</data>
	</dict>
	<key>files2</key>
	<dict>
		<key>Headers/EXTKeyPathCoding.h</key>
		<dict>
			<key>hash</key>
			<data>
			cyxNsk/+pHVDPXDhpTi6EZ7hGU0=
			</data>
			<key>hash2</key>
			<data>
			7+5sa54/pM6B+mDJzEyysvN/OGrpMujUU3qeXj8S+zI=
			</data>
		</dict>
		<key>Headers/EXTScope.h</key>
		<dict>
			<key>hash</key>
			<data>
			9pI2IWEUilraa3draHYz38Zm54Y=
			</data>
			<key>hash2</key>
			<data>
			kvdtBYDCZ1ZLOyZX/dIbIlGq7aeC7wbYfn7su5RmI3I=
			</data>
		</dict>
		<key>Headers/NSArray+RACSequenceAdditions.h</key>
		<dict>
			<key>hash</key>
			<data>
			aWBtj1suaR52TgILGZ5y6OrJqLI=
			</data>
			<key>hash2</key>
			<data>
			e8Wxi8ArWgQkDNW1IWp3GX5R2x4h1Ee0McVgcMRB4Xo=
			</data>
		</dict>
		<key>Headers/NSControl+RACCommandSupport.h</key>
		<dict>
			<key>hash</key>
			<data>
			VxZYelrMGst00t0r9btLgoclyJE=
			</data>
			<key>hash2</key>
			<data>
			P/P5oX5iV5H4jyxOqBwYQG81WvCPCMvlQo9P/5GzrQc=
			</data>
		</dict>
		<key>Headers/NSControl+RACTextSignalSupport.h</key>
		<dict>
			<key>hash</key>
			<data>
			mRqSXf2wHF1Kdgd/GOTrX8vjYHw=
			</data>
			<key>hash2</key>
			<data>
			GVYmBgW/K4TCxDWmm2wriPIUKkl25Puzg4GKy9yYNrM=
			</data>
		</dict>
		<key>Headers/NSData+RACSupport.h</key>
		<dict>
			<key>hash</key>
			<data>
			CRlWxQ8hQHrHms84HM0R+ABt/IA=
			</data>
			<key>hash2</key>
			<data>
			MCbyDsyUPVkVkmE61aXmKQ5IbJCSgpdmYp+TDfJf94I=
			</data>
		</dict>
		<key>Headers/NSDictionary+RACSequenceAdditions.h</key>
		<dict>
			<key>hash</key>
			<data>
			22j52Hqwjx4IsRgL9i2Z2Xja93M=
			</data>
			<key>hash2</key>
			<data>
			iFZK6dEny2IzMWdImA1wQvJbILEIlBIPH6g/X/xs37g=
			</data>
		</dict>
		<key>Headers/NSEnumerator+RACSequenceAdditions.h</key>
		<dict>
			<key>hash</key>
			<data>
			Yqwbk9biU3j1RfixqitIuOSs5xE=
			</data>
			<key>hash2</key>
			<data>
			pwaU02XyBQemjNQFxhR27LkOt0PUsWmMv9BQNj3f2aA=
			</data>
		</dict>
		<key>Headers/NSFileHandle+RACSupport.h</key>
		<dict>
			<key>hash</key>
			<data>
			W3KMa3H6DAVYAXyBPBQ14CEbKzQ=
			</data>
			<key>hash2</key>
			<data>
			OnZ0np52jtgfjbMVUbZ01Dg0NyxnsVccP64HiqBx79M=
			</data>
		</dict>
		<key>Headers/NSIndexSet+RACSequenceAdditions.h</key>
		<dict>
			<key>hash</key>
			<data>
			wb5bT9v+7O/Nsvpwrq1crIeT9dg=
			</data>
			<key>hash2</key>
			<data>
			9ri5IKperZywndLlk0SXYWxDOzg8TGwkTYmoqFE2EzY=
			</data>
		</dict>
		<key>Headers/NSNotificationCenter+RACSupport.h</key>
		<dict>
			<key>hash</key>
			<data>
			4QtYc+nDGvHn310k/SAqq4XW0xI=
			</data>
			<key>hash2</key>
			<data>
			5IqTOdKGU7nYGnlrW3Dt9yyJv0uffGLsv3fxw2NIDB8=
			</data>
		</dict>
		<key>Headers/NSObject+RACAppKitBindings.h</key>
		<dict>
			<key>hash</key>
			<data>
			4iBZ6JprXczwMIrqyVOJDbrub34=
			</data>
			<key>hash2</key>
			<data>
			qIbHTlZv6x+S2qHJsWBQVxso9MV63BY3TvXYrFxu01c=
			</data>
		</dict>
		<key>Headers/NSObject+RACDeallocating.h</key>
		<dict>
			<key>hash</key>
			<data>
			8538jYBm32sivVevP2MrigHex/M=
			</data>
			<key>hash2</key>
			<data>
			ZUiamoBucRdcpyp0Hr74nt2AglEda4r127vqnKVa5bc=
			</data>
		</dict>
		<key>Headers/NSObject+RACLifting.h</key>
		<dict>
			<key>hash</key>
			<data>
			Hr8DBe66RCRG9WJ7qSLx4oG+avo=
			</data>
			<key>hash2</key>
			<data>
			XfgnmL/bXhi9BQyip1R+z4dCb3VGN7jaMUC+zG/b144=
			</data>
		</dict>
		<key>Headers/NSObject+RACPropertySubscribing.h</key>
		<dict>
			<key>hash</key>
			<data>
			khscjnDf9JPygHdyF/0b+FjIy/k=
			</data>
			<key>hash2</key>
			<data>
			kvrmOx687xUJrYzizOaFkU2VWsa5sL+XAhlT6SSIsM0=
			</data>
		</dict>
		<key>Headers/NSObject+RACSelectorSignal.h</key>
		<dict>
			<key>hash</key>
			<data>
			MvfnOkRdFA1iIRpWABROwJ/00xg=
			</data>
			<key>hash2</key>
			<data>
			gLjMB5SV2kTv0/y7BQrFca3I2B3sIHBDmQzRS8nSPu8=
			</data>
		</dict>
		<key>Headers/NSOrderedSet+RACSequenceAdditions.h</key>
		<dict>
			<key>hash</key>
			<data>
			5YLDS4fLE4JfHZegRlXfzjaGiuA=
			</data>
			<key>hash2</key>
			<data>
			DfxdyL+hrdD0wls1iz9mY0nysjeT6TtxhAxmf0U+DQM=
			</data>
		</dict>
		<key>Headers/NSSet+RACSequenceAdditions.h</key>
		<dict>
			<key>hash</key>
			<data>
			3cCPJQg1DjvGUVqIYh1nqOHigMA=
			</data>
			<key>hash2</key>
			<data>
			FJsGlOI3w/4Y/SDk/Lm/ZCd1j434wAQvoKZOC5CxSpk=
			</data>
		</dict>
		<key>Headers/NSString+RACSequenceAdditions.h</key>
		<dict>
			<key>hash</key>
			<data>
			FKnMXMtl3rXxspkZaLdtAgimLHc=
			</data>
			<key>hash2</key>
			<data>
			87JStQ2t/D0dSnDgjwqxmA52mbVlEeKnWqVsUAXE94Y=
			</data>
		</dict>
		<key>Headers/NSString+RACSupport.h</key>
		<dict>
			<key>hash</key>
			<data>
			OQS4HsiUwZP+uc3JUQGMpfi1IbM=
			</data>
			<key>hash2</key>
			<data>
			706tlEBm2QpsSZZ7k3SnZvprxTeLoY3Vi8HvlrHtaOA=
			</data>
		</dict>
		<key>Headers/NSText+RACSignalSupport.h</key>
		<dict>
			<key>hash</key>
			<data>
			E7TL5l8xXJWOOT+3PHrHTy2Dstc=
			</data>
			<key>hash2</key>
			<data>
			BaLBVdZ+234nlGOb++KkNQEK2yIArDppgJhkXHnBqdQ=
			</data>
		</dict>
		<key>Headers/NSURLConnection+RACSupport.h</key>
		<dict>
			<key>hash</key>
			<data>
			iK1E78vMAfwVlVpmNhQXxfX8VlE=
			</data>
			<key>hash2</key>
			<data>
			I4hRiXzZfZEwj8DS23y4kpyZUaTD8Hv/TY/9BKjg9co=
			</data>
		</dict>
		<key>Headers/NSUserDefaults+RACSupport.h</key>
		<dict>
			<key>hash</key>
			<data>
			4u0N/q66xs4STGVlwfehb14oT3k=
			</data>
			<key>hash2</key>
			<data>
			MyTjJq8/G1cKeE44Lp/K4AeVFh9T/kPphFZOJRaBCSg=
			</data>
		</dict>
		<key>Headers/RACBacktrace.h</key>
		<dict>
			<key>hash</key>
			<data>
			0oCeNqMgLF0WiRj4OC7YdUIf9WE=
			</data>
			<key>hash2</key>
			<data>
			3cSPsdBbStEHWsyf6Gmp+LxbZzAFPjFH+vYu5NU1y/w=
			</data>
		</dict>
		<key>Headers/RACBehaviorSubject.h</key>
		<dict>
			<key>hash</key>
			<data>
			cMZmaRRePuPwZWqKf0urpWnIojc=
			</data>
			<key>hash2</key>
			<data>
			5yIBVYs/DgRR+XtgVc3xyA7wfAo18PjFij1ft4d2T0A=
			</data>
		</dict>
		<key>Headers/RACChannel.h</key>
		<dict>
			<key>hash</key>
			<data>
			LocuZ9dgFPgUClrDTU17+PbY/uE=
			</data>
			<key>hash2</key>
			<data>
			J4TYTc23gNMFoD5NvJ0h51vl6AkVBMeKRWi+X1VHceU=
			</data>
		</dict>
		<key>Headers/RACCommand.h</key>
		<dict>
			<key>hash</key>
			<data>
			R4LQjxN7kcHsvJQtofCAsKWtL2I=
			</data>
			<key>hash2</key>
			<data>
			mRrCaG3kjGoXez+zMyWBQ9wsr6s35rLIfzauNYwL4CA=
			</data>
		</dict>
		<key>Headers/RACCompoundDisposable.h</key>
		<dict>
			<key>hash</key>
			<data>
			zsc42rvNw5xSjzEqcqJm/gP4UWA=
			</data>
			<key>hash2</key>
			<data>
			gD7vSV5PyeA7NrqTbNExgJ4m2O8+KgXyTzNgmKSFHjY=
			</data>
		</dict>
		<key>Headers/RACDisposable.h</key>
		<dict>
			<key>hash</key>
			<data>
			BFIjAAr/YckNiOUCVgISY/0B50U=
			</data>
			<key>hash2</key>
			<data>
			dCiDXlzN/I4lZnX8uEB2hg+FXROPj/bcAu8o/LEsIDM=
			</data>
		</dict>
		<key>Headers/RACEvent.h</key>
		<dict>
			<key>hash</key>
			<data>
			dQu7EIGef30WA6R9P9jeiFqt444=
			</data>
			<key>hash2</key>
			<data>
			JkyFNDryczrR+pKADipQeA12xuorDobXZfgxLaozkxI=
			</data>
		</dict>
		<key>Headers/RACGroupedSignal.h</key>
		<dict>
			<key>hash</key>
			<data>
			c9F8ywFON+4RrYXAJ9mMTaXMAnc=
			</data>
			<key>hash2</key>
			<data>
			Gn3GQE0qVJ74L3OQ1ywOtOI6Jh9llAq7omCFJ2iEaa4=
			</data>
		</dict>
		<key>Headers/RACKVOChannel.h</key>
		<dict>
			<key>hash</key>
			<data>
			5mTDIwhWz/quHKF75M9TSkkNOos=
			</data>
			<key>hash2</key>
			<data>
			PGtcBgC+OdxdJSO1QFDWpfY4T7buESKoK0L3F5uABYM=
			</data>
		</dict>
		<key>Headers/RACMulticastConnection.h</key>
		<dict>
			<key>hash</key>
			<data>
			h3EezQb/q6CbwJ1I0/184SPHGUU=
			</data>
			<key>hash2</key>
			<data>
			JYZ+pe3JoIVFuq2HmB9UzgdD6ipqf4Ye2est+2bjT5g=
			</data>
		</dict>
		<key>Headers/RACQueueScheduler+Subclass.h</key>
		<dict>
			<key>hash</key>
			<data>
			GNvZs2s30uhpmvbLrIqJ7a2Zf3Y=
			</data>
			<key>hash2</key>
			<data>
			pL7NyGxggssMGis1V850rX/7eXnrGPjR/10/MIYegHA=
			</data>
		</dict>
		<key>Headers/RACQueueScheduler.h</key>
		<dict>
			<key>hash</key>
			<data>
			ybefbImqr+a9Oa2OsBAEbYe85iY=
			</data>
			<key>hash2</key>
			<data>
			URqFV6A/awzOHCQF/xHFWi2x0ZkUheGdm7FpVhShEi0=
			</data>
		</dict>
		<key>Headers/RACReplaySubject.h</key>
		<dict>
			<key>hash</key>
			<data>
			u0/XHWlr//FxG9HEW3sRDLuysT4=
			</data>
			<key>hash2</key>
			<data>
			3AVHxKXSfsGqc8hlnj/Tp0PQ8icnTpjNZX67mx+CuqM=
			</data>
		</dict>
		<key>Headers/RACScheduler+Subclass.h</key>
		<dict>
			<key>hash</key>
			<data>
			Ky/IV3fTinp6o+VH2tDzOxaJvA4=
			</data>
			<key>hash2</key>
			<data>
			EtBRYoQCUsUtUlhjr+wcbshGE6flA9yabCy5otr2AAs=
			</data>
		</dict>
		<key>Headers/RACScheduler.h</key>
		<dict>
			<key>hash</key>
			<data>
			PMZQD7TgzUJbmHJmje4g/R3vN44=
			</data>
			<key>hash2</key>
			<data>
			saAGN/T+3DgCVv3+GtG6m3wLi0SlF/Ka4FJ0CpDj+eo=
			</data>
		</dict>
		<key>Headers/RACScopedDisposable.h</key>
		<dict>
			<key>hash</key>
			<data>
			J4Hza5KoyOfjo1wxkS1wK20u8Q0=
			</data>
			<key>hash2</key>
			<data>
			lHakA+17uhh7QQGelr2HXejcd4qu8po3vqQIdX7hqzw=
			</data>
		</dict>
		<key>Headers/RACSequence.h</key>
		<dict>
			<key>hash</key>
			<data>
			ZRHtrho/R9TMBJo9RZB7nU2FMks=
			</data>
			<key>hash2</key>
			<data>
			ZrAQhioheaW0yTwKUNuQ6JKQiTI+JByFI6ZMIw3zO+U=
			</data>
		</dict>
		<key>Headers/RACSerialDisposable.h</key>
		<dict>
			<key>hash</key>
			<data>
			NzTqALsFTCgOz2ku7NzXFWmiT90=
			</data>
			<key>hash2</key>
			<data>
			Tt86NFPU24UzVpM0x2VQhFsANOB+Srtmohakx+Quegw=
			</data>
		</dict>
		<key>Headers/RACSignal+Operations.h</key>
		<dict>
			<key>hash</key>
			<data>
			H1DzoQ1bC3taEvJNZ+gm22q6EF0=
			</data>
			<key>hash2</key>
			<data>
			ZDM/+aIgHw7TNine78GI+26L+PPU/YRUXBlby7sg2oY=
			</data>
		</dict>
		<key>Headers/RACSignal.h</key>
		<dict>
			<key>hash</key>
			<data>
			iiLnOpURKQ/1gUVOIAv/tp2EX64=
			</data>
			<key>hash2</key>
			<data>
			S/W1OJT9BMscdOhLbYT2/fyeEFDyHv8OaA77mWqDovs=
			</data>
		</dict>
		<key>Headers/RACStream.h</key>
		<dict>
			<key>hash</key>
			<data>
			oLx7S9p5tdwYEgSL3YI1b6NNvyM=
			</data>
			<key>hash2</key>
			<data>
			1aiijLi1IDZRx0qycTI47EgvTNmNIbRmbDAYErR3Qks=
			</data>
		</dict>
		<key>Headers/RACSubject.h</key>
		<dict>
			<key>hash</key>
			<data>
			Q2Q6h9ZfNybFdHJRxu5CnDL0Aqc=
			</data>
			<key>hash2</key>
			<data>
			baza+8aL3PyGcc9tkNfiIvdoi1DjArnyuawX0QarfE0=
			</data>
		</dict>
		<key>Headers/RACSubscriber.h</key>
		<dict>
			<key>hash</key>
			<data>
			ngoJ1ifAjQ1z7ezBsABUZ/EDpXU=
			</data>
			<key>hash2</key>
			<data>
			XeHx7G5SwSM5DS3KDCetHsIm8Y/RQ5s55rKw6slGxTE=
			</data>
		</dict>
		<key>Headers/RACSubscriptingAssignmentTrampoline.h</key>
		<dict>
			<key>hash</key>
			<data>
			f6KZaaxpbcpzZ7il0D5su5NmTDY=
			</data>
			<key>hash2</key>
			<data>
			uCEDDnPUSx3k8+FFjsqx6XWMgRV9S/W+wbBbuDq16Oc=
			</data>
		</dict>
		<key>Headers/RACTargetQueueScheduler.h</key>
		<dict>
			<key>hash</key>
			<data>
			cwV6f95RcM/826QXM2UeF6oaECA=
			</data>
			<key>hash2</key>
			<data>
			XKPfJBPHRjf+Z0MiLDxTiTOsfl0wrvJWCTprDGUPn0Y=
			</data>
		</dict>
		<key>Headers/RACTestScheduler.h</key>
		<dict>
			<key>hash</key>
			<data>
			I7gOChaXCpK9dNV+XTx+wDSLfhA=
			</data>
			<key>hash2</key>
			<data>
			NjEKAbsOdrm0p2U7U+BWl/qmv7j3gnibfP3PNmq/4Xc=
			</data>
		</dict>
		<key>Headers/RACTuple.h</key>
		<dict>
			<key>hash</key>
			<data>
			uUB57/XKJUn1P32dx4ZfCUL4k6g=
			</data>
			<key>hash2</key>
			<data>
			pMpMe2dsy7NR3vEGilQNAqQinr9849QL+U4DgVYYIyo=
			</data>
		</dict>
		<key>Headers/RACUnit.h</key>
		<dict>
			<key>hash</key>
			<data>
			ie7XEfVnGWDlB0e9xmzDhVDxFYU=
			</data>
			<key>hash2</key>
			<data>
			ZF5U+nr0MbaQeZAoqcNsIV6C0plumwDhHDqbmCJ0lXk=
			</data>
		</dict>
		<key>Headers/ReactiveCocoa.h</key>
		<dict>
			<key>hash</key>
			<data>
			M5M+g7GBMxjwL58vemSDrhEe7Xs=
			</data>
			<key>hash2</key>
			<data>
			qzvqjjbVcNr9pvAKuwBWo/DFcUivpX3MFUFQmn26Q/k=
			</data>
		</dict>
		<key>Headers/metamacros.h</key>
		<dict>
			<key>hash</key>
			<data>
			/urguvf1G1OQS4/DDk3RwQpXycE=
			</data>
			<key>hash2</key>
			<data>
			S4p8iAtU930PTDcjbZx+mxbtjktDJ6Mjcek8Mbf+JC0=
			</data>
		</dict>
		<key>Modules/module.modulemap</key>
		<dict>
			<key>hash</key>
			<data>
			RSxJPB/eFckwxKJulVvwIWSiCYE=
			</data>
			<key>hash2</key>
			<data>
			Qia2j9oaIFccgcYPIz0LUT39lG8gIDGxP86BvZ+7sCY=
			</data>
		</dict>
		<key>Resources/Info.plist</key>
		<dict>
			<key>hash</key>
			<data>
			pcDo9jVpr8D0N83JE6pJohyhRJI=
			</data>
			<key>hash2</key>
			<data>
			ukvZlvjC7qtpNGr9HzyzKTKfb5at4+1jJP6J/8R+N/Y=
			</data>
		</dict>
	</dict>
	<key>rules</key>
	<dict>
		<key>^Resources/</key>
		<true/>
		<key>^Resources/.*\.lproj/</key>
		<dict>
			<key>optional</key>
			<true/>
			<key>weight</key>
			<real>1000</real>
		</dict>
		<key>^Resources/.*\.lproj/locversion.plist$</key>
		<dict>
			<key>omit</key>
			<true/>
			<key>weight</key>
			<real>1100</real>
		</dict>
		<key>^Resources/Base\.lproj/</key>
		<dict>
			<key>weight</key>
			<real>1010</real>
		</dict>
		<key>^version.plist$</key>
		<true/>
	</dict>
	<key>rules2</key>
	<dict>
		<key>.*\.dSYM($|/)</key>
		<dict>
			<key>weight</key>
			<real>11</real>
		</dict>
		<key>^(.*/)?\.DS_Store$</key>
		<dict>
			<key>omit</key>
			<true/>
			<key>weight</key>
			<real>2000</real>
		</dict>
		<key>^(Frameworks|SharedFrameworks|PlugIns|Plug-ins|XPCServices|Helpers|MacOS|Library/(Automator|Spotlight|LoginItems))/</key>
		<dict>
			<key>nested</key>
			<true/>
			<key>weight</key>
			<real>10</real>
		</dict>
		<key>^.*</key>
		<true/>
		<key>^Info\.plist$</key>
		<dict>
			<key>omit</key>
			<true/>
			<key>weight</key>
			<real>20</real>
		</dict>
		<key>^PkgInfo$</key>
		<dict>
			<key>omit</key>
			<true/>
			<key>weight</key>
			<real>20</real>
		</dict>
		<key>^Resources/</key>
		<dict>
			<key>weight</key>
			<real>20</real>
		</dict>
		<key>^Resources/.*\.lproj/</key>
		<dict>
			<key>optional</key>
			<true/>
			<key>weight</key>
			<real>1000</real>
		</dict>
		<key>^Resources/.*\.lproj/locversion.plist$</key>
		<dict>
			<key>omit</key>
			<true/>
			<key>weight</key>
			<real>1100</real>
		</dict>
		<key>^Resources/Base\.lproj/</key>
		<dict>
			<key>weight</key>
			<real>1010</real>
		</dict>
		<key>^[^/]+$</key>
		<dict>
			<key>nested</key>
			<true/>
			<key>weight</key>
			<real>10</real>
		</dict>
		<key>^embedded\.provisionprofile$</key>
		<dict>
			<key>weight</key>
			<real>20</real>
		</dict>
		<key>^version\.plist$</key>
		<dict>
			<key>weight</key>
			<real>20</real>
		</dict>
	</dict>
</dict>
</plist>
