{
	"markdown.preview.title" : "Open Preview",
	"markdown.previewSide.title" : "Open Preview to the Side",
	"markdown.showSource.title" : "Show Source",
	"markdown.styles.dec": "A list of URLs or local paths to CSS style sheets to use from the markdown preview. Relative paths are interpreted relative to the folder open in the explorer. If there is no open folder, they are interpreted relative to the location of the markdown file. All '\\' need to be written as '\\\\'.",
	"markdown.previewFrontMatter.dec": "Sets how YAML front matter should be rendered in the markdown preview. 'hide' removes the front matter. Otherwise, the front matter is treated as markdown content.",
	"markdown.preview.fontFamily.desc": "Controls the font family used in the markdown preview.",
	"markdown.preview.fontSize.desc": "Controls the font size in pixels used in the markdown preview.",
	"markdown.preview.lineHeight.desc": "Controls the line height used in the markdown preview. This number is relative to the font size."
}