{
	"markdown.preview.title": "Открыть область предварительного просмотра",
	"markdown.previewSide.title": "Открыть область предварительного просмотра сбоку",
	"markdown.showSource.title": "Показать источник",
	"markdown.styles.dec": "Список URL-адресов или локальных путей к таблицам стилей CSS, используемых из области предварительного просмотра файла Markdown. Относительные пути интерпретируются относительно папки, открытой в проводнике. Если папка не открыта, они интерпретируются относительно расположения файла Markdown. Все символы \"\" должны записываться в виде \"\\\".",
	"markdown.previewFrontMatter.dec": "Определяет обработку титульных листов YAML в области предварительного просмотра файла Markdown. Значение \"скрыть\" удаляет титульные листы. В противном случае титульные листы обрабатываются как содержимое файла Markdown.",
	"markdown.preview.fontFamily.desc": "Определяет семейство шрифтов, используемое в области предварительного просмотра файла Markdown.",
	"markdown.preview.fontSize.desc": "Определяет размер шрифта (в пикселях), используемый в области предварительного просмотра файла Markdown.",
	"markdown.preview.lineHeight.desc": "Определяет высоту строки, используемую в области предварительного просмотра файла Markdown. Это значение задается относительно размера шрифта."
}