{
	"markdown.preview.title": "Vorschau öffnen",
	"markdown.previewSide.title": "Vorschau an der Seite öffnen",
	"markdown.showSource.title": "Quelle anzeigen",
	"markdown.styles.dec": "Eine Liste von URLs oder lokalen Pfaden zu CSS-Stylesheets aus der Markdownvorschau, die verwendet werden sollen. Relative Pfade werden relativ zu dem Ordner interpretiert, der im Explorer geöffnet ist. Wenn kein Ordner geöffnet ist, werden sie relativ zum Speicherort der Markdowndatei interpretiert. Alle \"\" müssen als \"\\\" geschrieben werden.",
	"markdown.previewFrontMatter.dec": "Legt fest, wie die YAML-Titelei in der Markdownvorschau gerendert werden soll. Durch \"hide\" wird die Titelei entfernt. Andernfalls wird die Titelei wie Markdowninhalt verarbeitet.",
	"markdown.preview.fontFamily.desc": "Steuert die Schriftfamilie, die in der Markdownvorschau verwendet wird.",
	"markdown.preview.fontSize.desc": "Steuert den Schriftgrad in Pixeln, der in der Markdownvorschau verwendet wird.",
	"markdown.preview.lineHeight.desc": "Steuert die Zeilenhöhe, die in der Markdownvorschau verwendet wird. Diese Zahl ist relativ zum Schriftgrad."
}