<?xml version="1.0" encoding="UTF-8"?>
<!DOCTYPE plist PUBLIC "-//Apple//DTD PLIST 1.0//EN" "http://www.apple.com/DTDs/PropertyList-1.0.dtd">
<plist version="1.0">
<dict>
	<key>files</key>
	<dict>
		<key>Resources/Info.plist</key>
		<data>
		Rv0JIjIkJM+nbJcVRygoblJOV98=
		</data>
		<key>Resources/ShipIt</key>
		<data>
		XSrf+5l8OPvk3SgJvJ0PT6D3K+s=
		</data>
	</dict>
	<key>files2</key>
	<dict>
		<key>Headers/NSBundle+SQRLVersionExtensions.h</key>
		<dict>
			<key>hash</key>
			<data>
			nzLgVtB6Szq10hHKoJqQzFpLceM=
			</data>
			<key>hash2</key>
			<data>
			5+rEsouj5qv7saoeBjHOeG2igYRBrDVyoet346ZDtH8=
			</data>
		</dict>
		<key>Headers/NSProcessInfo+SQRLVersionExtensions.h</key>
		<dict>
			<key>hash</key>
			<data>
			oupBsKGnDcD3H7wX+n8D4o20HGw=
			</data>
			<key>hash2</key>
			<data>
			HyLsdRhYa12c4RQESgKecfH1pk/F0UDjK9W6u6b5DdQ=
			</data>
		</dict>
		<key>Headers/SQRLDownloadedUpdate.h</key>
		<dict>
			<key>hash</key>
			<data>
			nqiz0R+fxzoKIiAaDwEyZeRkm0A=
			</data>
			<key>hash2</key>
			<data>
			uP24ktxODKJcxCfkBMHhXosftWJOBDzwLRu4JT3Nqfc=
			</data>
		</dict>
		<key>Headers/SQRLUpdate.h</key>
		<dict>
			<key>hash</key>
			<data>
			LpOnWk0XnYlFRtv2cwtGy+iK9Fo=
			</data>
			<key>hash2</key>
			<data>
			rM91rTxlEqub9IcKmXQWgoqVqAM7Kyl46KPCV8RJnH4=
			</data>
		</dict>
		<key>Headers/SQRLUpdater.h</key>
		<dict>
			<key>hash</key>
			<data>
			oT9RhDMoeyfH0bVY9tz8wu2iImM=
			</data>
			<key>hash2</key>
			<data>
			eNdUPYZqESiRq3+kUWJf38Qfms3brHncKJ8f1KBGEHU=
			</data>
		</dict>
		<key>Headers/Squirrel.h</key>
		<dict>
			<key>hash</key>
			<data>
			Q1+Dk8ZEd6Gf08OAhty9RR892ow=
			</data>
			<key>hash2</key>
			<data>
			/lOyH+dCFzZHmGSoIrfTtEbCk8gyhcS698a5K//oPJY=
			</data>
		</dict>
		<key>Modules/module.modulemap</key>
		<dict>
			<key>hash</key>
			<data>
			M6inFoLbcJX9YINGvvdXuVlGfvM=
			</data>
			<key>hash2</key>
			<data>
			Kd1NLNfwbMgsID904XPwgizq3lJ0XvtH1ohPxhnuWY4=
			</data>
		</dict>
		<key>Resources/Info.plist</key>
		<dict>
			<key>hash</key>
			<data>
			Rv0JIjIkJM+nbJcVRygoblJOV98=
			</data>
			<key>hash2</key>
			<data>
			xPbgswlfojBPas5krkzCghg4dnNto02DRHjAplRLPNc=
			</data>
		</dict>
		<key>Resources/ShipIt</key>
		<dict>
			<key>hash</key>
			<data>
			XSrf+5l8OPvk3SgJvJ0PT6D3K+s=
			</data>
			<key>hash2</key>
			<data>
			V6TPAnIdIm6bKFppw71Q2rcHZW3l3bqxpNE7bZFMrbA=
			</data>
		</dict>
	</dict>
	<key>rules</key>
	<dict>
		<key>^Resources/</key>
		<true/>
		<key>^Resources/.*\.lproj/</key>
		<dict>
			<key>optional</key>
			<true/>
			<key>weight</key>
			<real>1000</real>
		</dict>
		<key>^Resources/.*\.lproj/locversion.plist$</key>
		<dict>
			<key>omit</key>
			<true/>
			<key>weight</key>
			<real>1100</real>
		</dict>
		<key>^Resources/Base\.lproj/</key>
		<dict>
			<key>weight</key>
			<real>1010</real>
		</dict>
		<key>^version.plist$</key>
		<true/>
	</dict>
	<key>rules2</key>
	<dict>
		<key>.*\.dSYM($|/)</key>
		<dict>
			<key>weight</key>
			<real>11</real>
		</dict>
		<key>^(.*/)?\.DS_Store$</key>
		<dict>
			<key>omit</key>
			<true/>
			<key>weight</key>
			<real>2000</real>
		</dict>
		<key>^(Frameworks|SharedFrameworks|PlugIns|Plug-ins|XPCServices|Helpers|MacOS|Library/(Automator|Spotlight|LoginItems))/</key>
		<dict>
			<key>nested</key>
			<true/>
			<key>weight</key>
			<real>10</real>
		</dict>
		<key>^.*</key>
		<true/>
		<key>^Info\.plist$</key>
		<dict>
			<key>omit</key>
			<true/>
			<key>weight</key>
			<real>20</real>
		</dict>
		<key>^PkgInfo$</key>
		<dict>
			<key>omit</key>
			<true/>
			<key>weight</key>
			<real>20</real>
		</dict>
		<key>^Resources/</key>
		<dict>
			<key>weight</key>
			<real>20</real>
		</dict>
		<key>^Resources/.*\.lproj/</key>
		<dict>
			<key>optional</key>
			<true/>
			<key>weight</key>
			<real>1000</real>
		</dict>
		<key>^Resources/.*\.lproj/locversion.plist$</key>
		<dict>
			<key>omit</key>
			<true/>
			<key>weight</key>
			<real>1100</real>
		</dict>
		<key>^Resources/Base\.lproj/</key>
		<dict>
			<key>weight</key>
			<real>1010</real>
		</dict>
		<key>^[^/]+$</key>
		<dict>
			<key>nested</key>
			<true/>
			<key>weight</key>
			<real>10</real>
		</dict>
		<key>^embedded\.provisionprofile$</key>
		<dict>
			<key>weight</key>
			<real>20</real>
		</dict>
		<key>^version\.plist$</key>
		<dict>
			<key>weight</key>
			<real>20</real>
		</dict>
	</dict>
</dict>
</plist>
